num	dhconf	c1	c1co	c2	c2co
0006	2016	ie	53.3498053,-6.2603097	uk	51.5073509,-0.1277583
0009	2016	ca	45.4215296,-75.6971931	dk	55.6760968,12.5683372
0009	2016	ca	45.4215296,-75.6971931	il	31.768319,35.21371
0009	2016	ca	45.4215296,-75.6971931	it	41.9027835,12.4963655
0009	2016	ca	45.4215296,-75.6971931	uk	51.5073509,-0.1277583
0009	2016	ca	45.4215296,-75.6971931	us	38.9071923,-77.0368707
0009	2016	dk	55.6760968,12.5683372	il	31.768319,35.21371
0009	2016	dk	55.6760968,12.5683372	it	41.9027835,12.4963655
0009	2016	dk	55.6760968,12.5683372	uk	51.5073509,-0.1277583
0009	2016	dk	55.6760968,12.5683372	us	38.9071923,-77.0368707
0009	2016	il	31.768319,35.21371	it	41.9027835,12.4963655
0009	2016	il	31.768319,35.21371	uk	51.5073509,-0.1277583
0009	2016	il	31.768319,35.21371	us	38.9071923,-77.0368707
0009	2016	it	41.9027835,12.4963655	uk	51.5073509,-0.1277583
0009	2016	it	41.9027835,12.4963655	us	38.9071923,-77.0368707
0009	2016	uk	51.5073509,-0.1277583	us	38.9071923,-77.0368707
0016	2016	at	48.2081743,16.3738189	es	40.4167754,-3.7037902
0016	2016	at	48.2081743,16.3738189	eu	50.8503463,4.3517211
0016	2016	at	48.2081743,16.3738189	gr	37.9838096,23.7275388
0016	2016	at	48.2081743,16.3738189	nl	52.3702157,4.8951679
0016	2016	at	48.2081743,16.3738189	uk	51.5073509,-0.1277583
0016	2016	es	40.4167754,-3.7037902	eu	50.8503463,4.3517211
0016	2016	es	40.4167754,-3.7037902	gr	37.9838096,23.7275388
0016	2016	es	40.4167754,-3.7037902	nl	52.3702157,4.8951679
0016	2016	es	40.4167754,-3.7037902	uk	51.5073509,-0.1277583
0016	2016	eu	50.8503463,4.3517211	gr	37.9838096,23.7275388
0016	2016	eu	50.8503463,4.3517211	nl	52.3702157,4.8951679
0016	2016	eu	50.8503463,4.3517211	uk	51.5073509,-0.1277583
0016	2016	gr	37.9838096,23.7275388	nl	52.3702157,4.8951679
0016	2016	gr	37.9838096,23.7275388	uk	51.5073509,-0.1277583
0016	2016	nl	52.3702157,4.8951679	uk	51.5073509,-0.1277583
0024	2016	at	48.2081743,16.3738189	uk	51.5073509,-0.1277583
0026	2016	nl	52.3702157,4.8951679	us	38.9071923,-77.0368707
0027	2016	ie	53.3498053,-6.2603097	us	38.9071923,-77.0368707
0033	2016	at	48.2081743,16.3738189	de	52.5200066,13.404954
0035	2016	de	52.5200066,13.404954	uk	51.5073509,-0.1277583
0038	2016	gr	37.9838096,23.7275388	no	59.9138688,10.7522454
0040	2016	gr	37.9838096,23.7275388	ie	53.3498053,-6.2603097
0040	2016	gr	37.9838096,23.7275388	se	59.3293235,18.0685808
0040	2016	gr	37.9838096,23.7275388	us	38.9071923,-77.0368707
0040	2016	ie	53.3498053,-6.2603097	se	59.3293235,18.0685808
0040	2016	ie	53.3498053,-6.2603097	us	38.9071923,-77.0368707
0040	2016	se	59.3293235,18.0685808	us	38.9071923,-77.0368707
0042	2016	eu	50.8503463,4.3517211	lu	49.611621,6.1319346
0046	2016	de	52.5200066,13.404954	it	41.9027835,12.4963655
0046	2016	de	52.5200066,13.404954	uk	51.5073509,-0.1277583
0046	2016	it	41.9027835,12.4963655	uk	51.5073509,-0.1277583
0055	2016	de	52.5200066,13.404954	us	38.9071923,-77.0368707
0065	2016	ch	46.9479739,7.4474468	de	52.5200066,13.404954
0069	2016	cn	39.9041999,116.4073963	us	38.9071923,-77.0368707
0070	2016	ie	53.3498053,-6.2603097	nl	52.3702157,4.8951679
0082	2016	ie	53.3498053,-6.2603097	uk	51.5073509,-0.1277583
0085	2016	at	48.2081743,16.3738189	de	52.5200066,13.404954
0085	2016	at	48.2081743,16.3738189	no	59.9138688,10.7522454
0085	2016	at	48.2081743,16.3738189	us	38.9071923,-77.0368707
0085	2016	de	52.5200066,13.404954	no	59.9138688,10.7522454
0085	2016	de	52.5200066,13.404954	us	38.9071923,-77.0368707
0085	2016	no	59.9138688,10.7522454	us	38.9071923,-77.0368707
0088	2016	fr	48.856614,2.3522219	it	41.9027835,12.4963655
0092	2016	ar	-34.6036844,-58.3815591	es	40.4167754,-3.7037902
0093	2016	nl	52.3702157,4.8951679	us	38.9071923,-77.0368707
0098	2016	fr	48.856614,2.3522219	it	41.9027835,12.4963655
0100	2016	fr	48.856614,2.3522219	uk	51.5073509,-0.1277583
0102	2016	de	52.5200066,13.404954	us	38.9071923,-77.0368707
0116	2016	hr	45.8150108,15.9819189	us	38.9071923,-77.0368707
0117	2016	fi	60.1698557,24.9383791	us	38.9071923,-77.0368707
0119	2016	ru	55.755826,37.6172999	uk	51.5073509,-0.1277583
0121	2016	de	52.5200066,13.404954	lb	33.8937913,35.5017767
0125	2016	be	50.8503463,4.3517211	mx	19.4326077,-99.133208
0125	2016	be	50.8503463,4.3517211	uk	51.5073509,-0.1277583
0125	2016	be	50.8503463,4.3517211	us	38.9071923,-77.0368707
0125	2016	mx	19.4326077,-99.133208	uk	51.5073509,-0.1277583
0125	2016	mx	19.4326077,-99.133208	us	38.9071923,-77.0368707
0125	2016	uk	51.5073509,-0.1277583	us	38.9071923,-77.0368707
0130	2016	be	50.8503463,4.3517211	mx	19.4326077,-99.133208
0131	2016	cz	50.0755381,14.4378005	eu	50.8503463,4.3517211
0131	2016	cz	50.0755381,14.4378005	nl	52.3702157,4.8951679
0131	2016	eu	50.8503463,4.3517211	nl	52.3702157,4.8951679
0138	2016	it	41.9027835,12.4963655	pl	52.2296756,21.0122287
0139	2016	jp	35.7090259,139.7319925	us	38.9071923,-77.0368707
0140	2016	at	48.2081743,16.3738189	ch	46.9479739,7.4474468
0140	2016	at	48.2081743,16.3738189	dk	55.6760968,12.5683372
0140	2016	at	48.2081743,16.3738189	gr	37.9838096,23.7275388
0140	2016	at	48.2081743,16.3738189	ie	53.3498053,-6.2603097
0140	2016	at	48.2081743,16.3738189	nl	52.3702157,4.8951679
0140	2016	at	48.2081743,16.3738189	rs	44.786568,20.4489216
0140	2016	ch	46.9479739,7.4474468	dk	55.6760968,12.5683372
0140	2016	ch	46.9479739,7.4474468	gr	37.9838096,23.7275388
0140	2016	ch	46.9479739,7.4474468	ie	53.3498053,-6.2603097
0140	2016	ch	46.9479739,7.4474468	nl	52.3702157,4.8951679
0140	2016	ch	46.9479739,7.4474468	rs	44.786568,20.4489216
0140	2016	dk	55.6760968,12.5683372	gr	37.9838096,23.7275388
0140	2016	dk	55.6760968,12.5683372	ie	53.3498053,-6.2603097
0140	2016	dk	55.6760968,12.5683372	nl	52.3702157,4.8951679
0140	2016	dk	55.6760968,12.5683372	rs	44.786568,20.4489216
0140	2016	gr	37.9838096,23.7275388	ie	53.3498053,-6.2603097
0140	2016	gr	37.9838096,23.7275388	nl	52.3702157,4.8951679
0140	2016	gr	37.9838096,23.7275388	rs	44.786568,20.4489216
0140	2016	ie	53.3498053,-6.2603097	nl	52.3702157,4.8951679
0140	2016	ie	53.3498053,-6.2603097	rs	44.786568,20.4489216
0140	2016	nl	52.3702157,4.8951679	rs	44.786568,20.4489216
0168	2016	ca	45.4215296,-75.6971931	it	41.9027835,12.4963655
0170	2016	gr	37.9838096,23.7275388	uk	51.5073509,-0.1277583
0173	2016	de	52.5200066,13.404954	us	38.9071923,-77.0368707
0182	2016	sn	14.716677,-17.4676861	us	38.9071923,-77.0368707
0183	2016	fr	48.856614,2.3522219	pl	52.2296756,21.0122287
0184	2016	uk	51.5073509,-0.1277583	us	38.9071923,-77.0368707
0189	2016	au	-35.308129,149.124402	us	38.9071923,-77.0368707
0191	2016	jp	35.7090259,139.7319925	mn	47.8863988,106.9057439
0199	2016	uk	51.5073509,-0.1277583	us	38.9071923,-77.0368707
0212	2016	br	-15.794392,-47.882004	fi	60.1698557,24.9383791
0216	2016	at	48.2081743,16.3738189	de	52.5200066,13.404954
0216	2016	at	48.2081743,16.3738189	ie	53.3498053,-6.2603097
0216	2016	at	48.2081743,16.3738189	rs	44.786568,20.4489216
0216	2016	at	48.2081743,16.3738189	us	38.9071923,-77.0368707
0216	2016	de	52.5200066,13.404954	ie	53.3498053,-6.2603097
0216	2016	de	52.5200066,13.404954	rs	44.786568,20.4489216
0216	2016	de	52.5200066,13.404954	us	38.9071923,-77.0368707
0216	2016	ie	53.3498053,-6.2603097	rs	44.786568,20.4489216
0216	2016	ie	53.3498053,-6.2603097	us	38.9071923,-77.0368707
0216	2016	rs	44.786568,20.4489216	us	38.9071923,-77.0368707
0221	2016	ca	45.4215296,-75.6971931	de	52.5200066,13.404954
0221	2016	ca	45.4215296,-75.6971931	es	40.4167754,-3.7037902
0221	2016	ca	45.4215296,-75.6971931	fr	48.856614,2.3522219
0221	2016	ca	45.4215296,-75.6971931	us	38.9071923,-77.0368707
0221	2016	de	52.5200066,13.404954	es	40.4167754,-3.7037902
0221	2016	de	52.5200066,13.404954	fr	48.856614,2.3522219
0221	2016	de	52.5200066,13.404954	us	38.9071923,-77.0368707
0221	2016	es	40.4167754,-3.7037902	fr	48.856614,2.3522219
0221	2016	es	40.4167754,-3.7037902	us	38.9071923,-77.0368707
0221	2016	fr	48.856614,2.3522219	us	38.9071923,-77.0368707
0224	2016	ar	-34.6036844,-58.3815591	es	40.4167754,-3.7037902
0229	2016	eu	50.8503463,4.3517211	it	41.9027835,12.4963655
0234	2016	no	59.9138688,10.7522454	us	38.9071923,-77.0368707
0237	2016	de	52.5200066,13.404954	ee	59.4369608,24.7535747
0237	2016	de	52.5200066,13.404954	fi	60.1698557,24.9383791
0237	2016	ee	59.4369608,24.7535747	fi	60.1698557,24.9383791
0238	2016	de	52.5200066,13.404954	pt	38.7222524,-9.1393366
0245	2016	fr	48.856614,2.3522219	se	59.3293235,18.0685808
0248	2016	at	48.2081743,16.3738189	be	50.8503463,4.3517211
0248	2016	at	48.2081743,16.3738189	de	52.5200066,13.404954
0248	2016	at	48.2081743,16.3738189	es	40.4167754,-3.7037902
0248	2016	at	48.2081743,16.3738189	uk	51.5073509,-0.1277583
0248	2016	at	48.2081743,16.3738189	us	38.9071923,-77.0368707
0248	2016	be	50.8503463,4.3517211	de	52.5200066,13.404954
0248	2016	be	50.8503463,4.3517211	es	40.4167754,-3.7037902
0248	2016	be	50.8503463,4.3517211	uk	51.5073509,-0.1277583
0248	2016	be	50.8503463,4.3517211	us	38.9071923,-77.0368707
0248	2016	de	52.5200066,13.404954	es	40.4167754,-3.7037902
0248	2016	de	52.5200066,13.404954	uk	51.5073509,-0.1277583
0248	2016	de	52.5200066,13.404954	us	38.9071923,-77.0368707
0248	2016	es	40.4167754,-3.7037902	uk	51.5073509,-0.1277583
0248	2016	es	40.4167754,-3.7037902	us	38.9071923,-77.0368707
0248	2016	uk	51.5073509,-0.1277583	us	38.9071923,-77.0368707
0249	2016	be	50.8503463,4.3517211	nl	52.3702157,4.8951679
0257	2016	de	52.5200066,13.404954	nl	52.3702157,4.8951679
0257	2016	de	52.5200066,13.404954	pl	52.2296756,21.0122287
0257	2016	nl	52.3702157,4.8951679	pl	52.2296756,21.0122287
0260	2016	de	52.5200066,13.404954	us	38.9071923,-77.0368707
0269	2016	ca	45.4215296,-75.6971931	us	38.9071923,-77.0368707
0270	2016	ch	46.9479739,7.4474468	de	52.5200066,13.404954
0279	2016	ca	45.4215296,-75.6971931	es	40.4167754,-3.7037902
0280	2016	be	50.8503463,4.3517211	il	31.768319,35.21371
0280	2016	be	50.8503463,4.3517211	nl	52.3702157,4.8951679
0280	2016	be	50.8503463,4.3517211	uk	51.5073509,-0.1277583
0280	2016	il	31.768319,35.21371	nl	52.3702157,4.8951679
0280	2016	il	31.768319,35.21371	uk	51.5073509,-0.1277583
0280	2016	nl	52.3702157,4.8951679	uk	51.5073509,-0.1277583
0289	2016	in	28.6139391,77.2090212	us	38.9071923,-77.0368707
0295	2016	au	-35.308129,149.124402	ca	45.4215296,-75.6971931
0295	2016	au	-35.308129,149.124402	us	38.9071923,-77.0368707
0295	2016	ca	45.4215296,-75.6971931	us	38.9071923,-77.0368707
0299	2016	ch	46.9479739,7.4474468	nl	52.3702157,4.8951679
0301	2016	ca	45.4215296,-75.6971931	es	40.4167754,-3.7037902
0304	2016	be	50.8503463,4.3517211	ca	45.4215296,-75.6971931
0316	2016	gr	37.9838096,23.7275388	us	38.9071923,-77.0368707
0323	2016	de	52.5200066,13.404954	us	38.9071923,-77.0368707
0326	2016	pl	52.2296756,21.0122287	us	38.9071923,-77.0368707
0329	2016	lu	49.611621,6.1319346	nl	52.3702157,4.8951679
0338	2016	au	-35.308129,149.124402	us	38.9071923,-77.0368707
0346	2016	at	48.2081743,16.3738189	de	52.5200066,13.404954
0346	2016	at	48.2081743,16.3738189	is	64.1265206,-21.8174392
0346	2016	at	48.2081743,16.3738189	it	41.9027835,12.4963655
0346	2016	at	48.2081743,16.3738189	pl	52.2296756,21.0122287
0346	2016	at	48.2081743,16.3738189	si	46.0569465,14.5057515
0346	2016	de	52.5200066,13.404954	is	64.1265206,-21.8174392
0346	2016	de	52.5200066,13.404954	it	41.9027835,12.4963655
0346	2016	de	52.5200066,13.404954	pl	52.2296756,21.0122287
0346	2016	de	52.5200066,13.404954	si	46.0569465,14.5057515
0346	2016	is	64.1265206,-21.8174392	it	41.9027835,12.4963655
0346	2016	is	64.1265206,-21.8174392	pl	52.2296756,21.0122287
0346	2016	is	64.1265206,-21.8174392	si	46.0569465,14.5057515
0346	2016	it	41.9027835,12.4963655	pl	52.2296756,21.0122287
0346	2016	it	41.9027835,12.4963655	si	46.0569465,14.5057515
0346	2016	pl	52.2296756,21.0122287	si	46.0569465,14.5057515
0356	2016	ca	45.4215296,-75.6971931	us	38.9071923,-77.0368707
0364	2016	ca	45.4215296,-75.6971931	fr	48.856614,2.3522219
0369	2016	ca	45.4215296,-75.6971931	fr	48.856614,2.3522219
0370	2016	pl	52.2296756,21.0122287	us	38.9071923,-77.0368707
0371	2016	be	50.8503463,4.3517211	ca	45.4215296,-75.6971931
0371	2016	be	50.8503463,4.3517211	es	40.4167754,-3.7037902
0371	2016	be	50.8503463,4.3517211	in	28.6139391,77.2090212
0371	2016	ca	45.4215296,-75.6971931	es	40.4167754,-3.7037902
0371	2016	ca	45.4215296,-75.6971931	in	28.6139391,77.2090212
0371	2016	es	40.4167754,-3.7037902	in	28.6139391,77.2090212
0375	2016	au	-35.308129,149.124402	us	38.9071923,-77.0368707
0379	2016	de	52.5200066,13.404954	us	38.9071923,-77.0368707
0383	2016	ch	46.9479739,7.4474468	us	38.9071923,-77.0368707
0393	2016	fr	48.856614,2.3522219	it	41.9027835,12.4963655
0397	2016	nl	52.3702157,4.8951679	us	38.9071923,-77.0368707
0398	2016	at	48.2081743,16.3738189	ie	53.3498053,-6.2603097
0398	2016	at	48.2081743,16.3738189	us	38.9071923,-77.0368707
0398	2016	ie	53.3498053,-6.2603097	us	38.9071923,-77.0368707
0401	2016	ch	46.9479739,7.4474468	fr	48.856614,2.3522219
0402	2016	de	52.5200066,13.404954	eu	50.8503463,4.3517211
0402	2016	de	52.5200066,13.404954	fr	48.856614,2.3522219
0402	2016	de	52.5200066,13.404954	se	59.3293235,18.0685808
0402	2016	eu	50.8503463,4.3517211	fr	48.856614,2.3522219
0402	2016	eu	50.8503463,4.3517211	se	59.3293235,18.0685808
0402	2016	fr	48.856614,2.3522219	se	59.3293235,18.0685808
0405	2016	at	48.2081743,16.3738189	hu	47.497912,19.040235
0406	2016	de	52.5200066,13.404954	it	41.9027835,12.4963655
0407	2016	at	48.2081743,16.3738189	de	52.5200066,13.404954
0407	2016	at	48.2081743,16.3738189	fi	60.1698557,24.9383791
0407	2016	at	48.2081743,16.3738189	nl	52.3702157,4.8951679
0407	2016	at	48.2081743,16.3738189	uk	51.5073509,-0.1277583
0407	2016	de	52.5200066,13.404954	fi	60.1698557,24.9383791
0407	2016	de	52.5200066,13.404954	nl	52.3702157,4.8951679
0407	2016	de	52.5200066,13.404954	uk	51.5073509,-0.1277583
0407	2016	fi	60.1698557,24.9383791	nl	52.3702157,4.8951679
0407	2016	fi	60.1698557,24.9383791	uk	51.5073509,-0.1277583
0407	2016	nl	52.3702157,4.8951679	uk	51.5073509,-0.1277583
0412	2016	ca	45.4215296,-75.6971931	us	38.9071923,-77.0368707
0413	2016	ca	45.4215296,-75.6971931	mx	19.4326077,-99.133208
0413	2016	ca	45.4215296,-75.6971931	us	38.9071923,-77.0368707
0413	2016	mx	19.4326077,-99.133208	us	38.9071923,-77.0368707
0419	2016	gr	37.9838096,23.7275388	us	38.9071923,-77.0368707
0420	2016	eu	50.8503463,4.3517211	it	41.9027835,12.4963655
0426	2016	au	-35.308129,149.124402	us	38.9071923,-77.0368707
0012	2018	ch	46.9479739,7.4474468	ie	53.3498053,-6.2603097
0012	2018	ch	46.9479739,7.4474468	uk	51.5073509,-0.1277583
0012	2018	ie	53.3498053,-6.2603097	uk	51.5073509,-0.1277583
0016	2018	sg	1.355429,103.867722	us	38.9071923,-77.0368707
0017	2018	de	52.5200066,13.404954	eu	50.8503463,4.3517211
0017	2018	de	52.5200066,13.404954	ru	55.755826,37.6172999
0017	2018	eu	50.8503463,4.3517211	ru	55.755826,37.6172999
0027	2018	de	52.5200066,13.404954	ro	44.4267674,26.1025384
0032	2018	cz	50.0755381,14.4378005	pl	52.2296756,21.0122287
0040	2018	de	52.5200066,13.404954	us	38.9071923,-77.0368707
0041	2018	ch	46.9479739,7.4474468	it	41.9027835,12.4963655
0047	2018	au	-35.308129,149.124402	it	41.9027835,12.4963655
0053	2018	no	59.9138688,10.7522454	us	38.9071923,-77.0368707
0056	2018	es	40.4167754,-3.7037902	fr	48.856614,2.3522219
0056	2018	es	40.4167754,-3.7037902	nl	52.3702157,4.8951679
0056	2018	fr	48.856614,2.3522219	nl	52.3702157,4.8951679
0059	2018	de	52.5200066,13.404954	us	38.9071923,-77.0368707
0063	2018	de	52.5200066,13.404954	us	38.9071923,-77.0368707
0065	2018	mx	19.4326077,-99.133208	pt	38.7222524,-9.1393366
0065	2018	mx	19.4326077,-99.133208	uk	51.5073509,-0.1277583
0065	2018	mx	19.4326077,-99.133208	us	38.9071923,-77.0368707
0065	2018	pt	38.7222524,-9.1393366	uk	51.5073509,-0.1277583
0065	2018	pt	38.7222524,-9.1393366	us	38.9071923,-77.0368707
0065	2018	uk	51.5073509,-0.1277583	us	38.9071923,-77.0368707
0066	2018	fr	48.856614,2.3522219	kr	37.552361,126.991432
0066	2018	fr	48.856614,2.3522219	us	38.9071923,-77.0368707
0066	2018	kr	37.552361,126.991432	us	38.9071923,-77.0368707
0068	2018	ca	45.4215296,-75.6971931	cl	-33.4488897,-70.6692655
0068	2018	ca	45.4215296,-75.6971931	mx	19.4326077,-99.133208
0068	2018	ca	45.4215296,-75.6971931	us	38.9071923,-77.0368707
0068	2018	cl	-33.4488897,-70.6692655	mx	19.4326077,-99.133208
0068	2018	cl	-33.4488897,-70.6692655	us	38.9071923,-77.0368707
0068	2018	mx	19.4326077,-99.133208	us	38.9071923,-77.0368707
0072	2018	uk	51.5073509,-0.1277583	us	38.9071923,-77.0368707
0074	2018	ca	45.4215296,-75.6971931	us	38.9071923,-77.0368707
0077	2018	dm	15.3091676,-61.3793554	us	38.9071923,-77.0368707
0079	2018	be	50.8503463,4.3517211	de	52.5200066,13.404954
0079	2018	be	50.8503463,4.3517211	pt	38.7222524,-9.1393366
0079	2018	be	50.8503463,4.3517211	us	38.9071923,-77.0368707
0079	2018	de	52.5200066,13.404954	pt	38.7222524,-9.1393366
0079	2018	de	52.5200066,13.404954	us	38.9071923,-77.0368707
0079	2018	pt	38.7222524,-9.1393366	us	38.9071923,-77.0368707
0080	2018	ch	46.9479739,7.4474468	de	52.5200066,13.404954
0081	2018	fr	48.856614,2.3522219	gr	37.9838096,23.7275388
0081	2018	fr	48.856614,2.3522219	it	41.9027835,12.4963655
0081	2018	fr	48.856614,2.3522219	mx	19.4326077,-99.133208
0081	2018	fr	48.856614,2.3522219	us	38.9071923,-77.0368707
0081	2018	gr	37.9838096,23.7275388	it	41.9027835,12.4963655
0081	2018	gr	37.9838096,23.7275388	mx	19.4326077,-99.133208
0081	2018	gr	37.9838096,23.7275388	us	38.9071923,-77.0368707
0081	2018	it	41.9027835,12.4963655	mx	19.4326077,-99.133208
0081	2018	it	41.9027835,12.4963655	us	38.9071923,-77.0368707
0081	2018	mx	19.4326077,-99.133208	us	38.9071923,-77.0368707
0082	2018	es	40.4167754,-3.7037902	fr	48.856614,2.3522219
0083	2018	au	-35.308129,149.124402	ca	45.4215296,-75.6971931
0083	2018	au	-35.308129,149.124402	us	38.9071923,-77.0368707
0083	2018	ca	45.4215296,-75.6971931	us	38.9071923,-77.0368707
0087	2018	cy	35.1855659,33.3822764	de	52.5200066,13.404954
0087	2018	cy	35.1855659,33.3822764	it	41.9027835,12.4963655
0087	2018	cy	35.1855659,33.3822764	us	38.9071923,-77.0368707
0087	2018	de	52.5200066,13.404954	it	41.9027835,12.4963655
0087	2018	de	52.5200066,13.404954	us	38.9071923,-77.0368707
0087	2018	it	41.9027835,12.4963655	us	38.9071923,-77.0368707
0089	2018	mx	19.4326077,-99.133208	nl	52.3702157,4.8951679
0093	2018	ar	-34.6036844,-58.3815591	gh	5.6037168,-0.1869644
0093	2018	ar	-34.6036844,-58.3815591	us	38.9071923,-77.0368707
0093	2018	gh	5.6037168,-0.1869644	us	38.9071923,-77.0368707
0094	2018	ca	45.4215296,-75.6971931	nl	52.3702157,4.8951679
0094	2018	ca	45.4215296,-75.6971931	us	38.9071923,-77.0368707
0094	2018	nl	52.3702157,4.8951679	us	38.9071923,-77.0368707
0095	2018	mx	19.4326077,-99.133208	us	38.9071923,-77.0368707
0096	2018	mx	19.4326077,-99.133208	us	38.9071923,-77.0368707
0106	2018	jp	35.7090259,139.7319925	mn	47.8863988,106.9057439
0107	2018	at	48.2081743,16.3738189	es	40.4167754,-3.7037902
0109	2018	de	52.5200066,13.404954	us	38.9071923,-77.0368707
0111	2018	de	52.5200066,13.404954	it	41.9027835,12.4963655
0114	2018	gr	37.9838096,23.7275388	us	38.9071923,-77.0368707
0134	2018	es	40.4167754,-3.7037902	it	41.9027835,12.4963655
0140	2018	it	41.9027835,12.4963655	us	38.9071923,-77.0368707
0146	2018	at	48.2081743,16.3738189	de	52.5200066,13.404954
0146	2018	at	48.2081743,16.3738189	eu	50.8503463,4.3517211
0146	2018	at	48.2081743,16.3738189	ru	55.755826,37.6172999
0146	2018	at	48.2081743,16.3738189	us	38.9071923,-77.0368707
0146	2018	de	52.5200066,13.404954	eu	50.8503463,4.3517211
0146	2018	de	52.5200066,13.404954	ru	55.755826,37.6172999
0146	2018	de	52.5200066,13.404954	us	38.9071923,-77.0368707
0146	2018	eu	50.8503463,4.3517211	ru	55.755826,37.6172999
0146	2018	eu	50.8503463,4.3517211	us	38.9071923,-77.0368707
0146	2018	ru	55.755826,37.6172999	us	38.9071923,-77.0368707
0156	2018	lu	49.611621,6.1319346	uk	51.5073509,-0.1277583
0167	2018	pt	38.7222524,-9.1393366	uk	51.5073509,-0.1277583
0179	2018	ca	45.4215296,-75.6971931	gr	37.9838096,23.7275388
0179	2018	ca	45.4215296,-75.6971931	it	41.9027835,12.4963655
0179	2018	ca	45.4215296,-75.6971931	us	38.9071923,-77.0368707
0179	2018	gr	37.9838096,23.7275388	it	41.9027835,12.4963655
0179	2018	gr	37.9838096,23.7275388	us	38.9071923,-77.0368707
0179	2018	it	41.9027835,12.4963655	us	38.9071923,-77.0368707
0181	2018	ch	46.9479739,7.4474468	it	41.9027835,12.4963655
0194	2018	fr	48.856614,2.3522219	jp	35.7090259,139.7319925
0206	2018	be	50.8503463,4.3517211	nl	52.3702157,4.8951679
0210	2018	ch	46.9479739,7.4474468	nl	52.3702157,4.8951679
0211	2018	ar	-34.6036844,-58.3815591	eu	50.8503463,4.3517211
0213	2018	at	48.2081743,16.3738189	de	52.5200066,13.404954
0215	2018	il	31.768319,35.21371	us	38.9071923,-77.0368707
0217	2018	co	4.7109886,-74.072092	us	38.9071923,-77.0368707
0219	2018	fr	48.856614,2.3522219	us	38.9071923,-77.0368707
0222	2018	at	48.2081743,16.3738189	nl	52.3702157,4.8951679
0222	2018	at	48.2081743,16.3738189	us	38.9071923,-77.0368707
0222	2018	nl	52.3702157,4.8951679	us	38.9071923,-77.0368707
0238	2018	ar	-34.6036844,-58.3815591	mx	19.4326077,-99.133208
0244	2018	ca	45.4215296,-75.6971931	us	38.9071923,-77.0368707
0249	2018	es	40.4167754,-3.7037902	fr	48.856614,2.3522219
0265	2018	ca	45.4215296,-75.6971931	uk	51.5073509,-0.1277583
0265	2018	ca	45.4215296,-75.6971931	us	38.9071923,-77.0368707
0265	2018	uk	51.5073509,-0.1277583	us	38.9071923,-77.0368707
0269	2018	ru	55.755826,37.6172999	uk	51.5073509,-0.1277583
0269	2018	ru	55.755826,37.6172999	us	38.9071923,-77.0368707
0269	2018	uk	51.5073509,-0.1277583	us	38.9071923,-77.0368707
0280	2018	pt	38.7222524,-9.1393366	uk	51.5073509,-0.1277583
0285	2018	ca	45.4215296,-75.6971931	uk	51.5073509,-0.1277583
0285	2018	ca	45.4215296,-75.6971931	us	38.9071923,-77.0368707
0285	2018	uk	51.5073509,-0.1277583	us	38.9071923,-77.0368707
0304	2018	uk	51.5073509,-0.1277583	us	38.9071923,-77.0368707
0305	2018	co	4.7109886,-74.072092	us	38.9071923,-77.0368707
0308	2018	it	41.9027835,12.4963655	pl	52.2296756,21.0122287
0310	2018	de	52.5200066,13.404954	us	38.9071923,-77.0368707
0318	2018	uk	51.5073509,-0.1277583	us	38.9071923,-77.0368707
0329	2018	au	-35.308129,149.124402	ca	45.4215296,-75.6971931
0329	2018	au	-35.308129,149.124402	za	-25.7478676,28.2292712
0329	2018	ca	45.4215296,-75.6971931	za	-25.7478676,28.2292712
0330	2018	ar	-34.6036844,-58.3815591	uk	51.5073509,-0.1277583
0331	2018	ca	45.4215296,-75.6971931	us	38.9071923,-77.0368707
0332	2018	es	40.4167754,-3.7037902	us	38.9071923,-77.0368707
0333	2018	de	52.5200066,13.404954	us	38.9071923,-77.0368707
0334	2018	be	50.8503463,4.3517211	eu	50.8503463,4.3517211
0336	2018	ca	45.4215296,-75.6971931	us	38.9071923,-77.0368707
0339	2018	br	-15.794392,-47.882004	es	40.4167754,-3.7037902
0339	2018	br	-15.794392,-47.882004	us	38.9071923,-77.0368707
0339	2018	es	40.4167754,-3.7037902	us	38.9071923,-77.0368707
0340	2018	ar	-34.6036844,-58.3815591	ca	45.4215296,-75.6971931
0340	2018	ar	-34.6036844,-58.3815591	us	38.9071923,-77.0368707
0340	2018	ca	45.4215296,-75.6971931	us	38.9071923,-77.0368707
0019	2019	jp	35.7090259,139.7319925	us	38.9071923,-77.0368707
0026	2019	be	50.8503463,4.3517211	de	52.5200066,13.404954
0026	2019	be	50.8503463,4.3517211	ie	53.3498053,-6.2603097
0026	2019	be	50.8503463,4.3517211	nl	52.3702157,4.8951679
0026	2019	be	50.8503463,4.3517211	uk	51.5073509,-0.1277583
0026	2019	de	52.5200066,13.404954	ie	53.3498053,-6.2603097
0026	2019	de	52.5200066,13.404954	nl	52.3702157,4.8951679
0026	2019	de	52.5200066,13.404954	uk	51.5073509,-0.1277583
0026	2019	ie	53.3498053,-6.2603097	nl	52.3702157,4.8951679
0026	2019	ie	53.3498053,-6.2603097	uk	51.5073509,-0.1277583
0026	2019	nl	52.3702157,4.8951679	uk	51.5073509,-0.1277583
0031	2019	fr	48.856614,2.3522219	uk	51.5073509,-0.1277583
0033	2019	it	41.9027835,12.4963655	uk	51.5073509,-0.1277583
0040	2019	ie	53.3498053,-6.2603097	lu	49.611621,6.1319346
0040	2019	ie	53.3498053,-6.2603097	nl	52.3702157,4.8951679
0040	2019	ie	53.3498053,-6.2603097	pl	52.2296756,21.0122287
0040	2019	ie	53.3498053,-6.2603097	us	38.9071923,-77.0368707
0040	2019	lu	49.611621,6.1319346	nl	52.3702157,4.8951679
0040	2019	lu	49.611621,6.1319346	pl	52.2296756,21.0122287
0040	2019	lu	49.611621,6.1319346	us	38.9071923,-77.0368707
0040	2019	nl	52.3702157,4.8951679	pl	52.2296756,21.0122287
0040	2019	nl	52.3702157,4.8951679	us	38.9071923,-77.0368707
0040	2019	pl	52.2296756,21.0122287	us	38.9071923,-77.0368707
0045	2019	de	52.5200066,13.404954	fi	60.1698557,24.9383791
0045	2019	de	52.5200066,13.404954	mx	19.4326077,-99.133208
0045	2019	de	52.5200066,13.404954	nl	52.3702157,4.8951679
0045	2019	fi	60.1698557,24.9383791	mx	19.4326077,-99.133208
0045	2019	fi	60.1698557,24.9383791	nl	52.3702157,4.8951679
0045	2019	mx	19.4326077,-99.133208	nl	52.3702157,4.8951679
0049	2019	it	41.9027835,12.4963655	us	38.9071923,-77.0368707
0052	2019	at	48.2081743,16.3738189	hr	45.8150108,15.9819189
0063	2019	fr	48.856614,2.3522219	it	41.9027835,12.4963655
0064	2019	be	50.8503463,4.3517211	eu	50.8503463,4.3517211
0064	2019	be	50.8503463,4.3517211	fr	48.856614,2.3522219
0064	2019	eu	50.8503463,4.3517211	fr	48.856614,2.3522219
0065	2019	be	50.8503463,4.3517211	de	52.5200066,13.404954
0065	2019	be	50.8503463,4.3517211	es	40.4167754,-3.7037902
0065	2019	be	50.8503463,4.3517211	fr	48.856614,2.3522219
0065	2019	de	52.5200066,13.404954	es	40.4167754,-3.7037902
0065	2019	de	52.5200066,13.404954	fr	48.856614,2.3522219
0065	2019	es	40.4167754,-3.7037902	fr	48.856614,2.3522219
0066	2019	ar	-34.6036844,-58.3815591	be	50.8503463,4.3517211
0066	2019	ar	-34.6036844,-58.3815591	ca	45.4215296,-75.6971931
0066	2019	ar	-34.6036844,-58.3815591	ch	46.9479739,7.4474468
0066	2019	ar	-34.6036844,-58.3815591	es	40.4167754,-3.7037902
0066	2019	ar	-34.6036844,-58.3815591	fr	48.856614,2.3522219
0066	2019	ar	-34.6036844,-58.3815591	mx	19.4326077,-99.133208
0066	2019	ar	-34.6036844,-58.3815591	nl	52.3702157,4.8951679
0066	2019	be	50.8503463,4.3517211	ca	45.4215296,-75.6971931
0066	2019	be	50.8503463,4.3517211	ch	46.9479739,7.4474468
0066	2019	be	50.8503463,4.3517211	es	40.4167754,-3.7037902
0066	2019	be	50.8503463,4.3517211	fr	48.856614,2.3522219
0066	2019	be	50.8503463,4.3517211	mx	19.4326077,-99.133208
0066	2019	be	50.8503463,4.3517211	nl	52.3702157,4.8951679
0066	2019	ca	45.4215296,-75.6971931	ch	46.9479739,7.4474468
0066	2019	ca	45.4215296,-75.6971931	es	40.4167754,-3.7037902
0066	2019	ca	45.4215296,-75.6971931	fr	48.856614,2.3522219
0066	2019	ca	45.4215296,-75.6971931	mx	19.4326077,-99.133208
0066	2019	ca	45.4215296,-75.6971931	nl	52.3702157,4.8951679
0066	2019	ch	46.9479739,7.4474468	es	40.4167754,-3.7037902
0066	2019	ch	46.9479739,7.4474468	fr	48.856614,2.3522219
0066	2019	ch	46.9479739,7.4474468	mx	19.4326077,-99.133208
0066	2019	ch	46.9479739,7.4474468	nl	52.3702157,4.8951679
0066	2019	es	40.4167754,-3.7037902	fr	48.856614,2.3522219
0066	2019	es	40.4167754,-3.7037902	mx	19.4326077,-99.133208
0066	2019	es	40.4167754,-3.7037902	nl	52.3702157,4.8951679
0066	2019	fr	48.856614,2.3522219	mx	19.4326077,-99.133208
0066	2019	fr	48.856614,2.3522219	nl	52.3702157,4.8951679
0066	2019	mx	19.4326077,-99.133208	nl	52.3702157,4.8951679
0067	2019	at	48.2081743,16.3738189	de	52.5200066,13.404954
0067	2019	at	48.2081743,16.3738189	eu	50.8503463,4.3517211
0067	2019	at	48.2081743,16.3738189	ru	55.755826,37.6172999
0067	2019	de	52.5200066,13.404954	eu	50.8503463,4.3517211
0067	2019	de	52.5200066,13.404954	ru	55.755826,37.6172999
0067	2019	eu	50.8503463,4.3517211	ru	55.755826,37.6172999
0070	2019	ca	45.4215296,-75.6971931	uk	51.5073509,-0.1277583
0072	2019	at	48.2081743,16.3738189	de	52.5200066,13.404954
0072	2019	at	48.2081743,16.3738189	us	38.9071923,-77.0368707
0072	2019	de	52.5200066,13.404954	us	38.9071923,-77.0368707
0074	2019	be	50.8503463,4.3517211	nl	52.3702157,4.8951679
0076	2019	fr	48.856614,2.3522219	us	38.9071923,-77.0368707
0077	2019	nl	52.3702157,4.8951679	uk	51.5073509,-0.1277583
0077	2019	nl	52.3702157,4.8951679	us	38.9071923,-77.0368707
0077	2019	uk	51.5073509,-0.1277583	us	38.9071923,-77.0368707
0086	2019	gr	37.9838096,23.7275388	uk	51.5073509,-0.1277583
0087	2019	eu	50.8503463,4.3517211	fr	48.856614,2.3522219
0093	2019	ch	46.9479739,7.4474468	de	52.5200066,13.404954
0096	2019	ch	46.9479739,7.4474468	de	52.5200066,13.404954
0096	2019	ch	46.9479739,7.4474468	eu	50.8503463,4.3517211
0096	2019	de	52.5200066,13.404954	eu	50.8503463,4.3517211
0101	2019	nl	52.3702157,4.8951679	sg	1.355429,103.867722
0104	2019	at	48.2081743,16.3738189	de	52.5200066,13.404954
0104	2019	at	48.2081743,16.3738189	nl	52.3702157,4.8951679
0104	2019	de	52.5200066,13.404954	nl	52.3702157,4.8951679
0106	2019	cn	39.9041999,116.4073963	us	38.9071923,-77.0368707
0107	2019	it	41.9027835,12.4963655	uk	51.5073509,-0.1277583
0110	2019	de	52.5200066,13.404954	ie	53.3498053,-6.2603097
0110	2019	de	52.5200066,13.404954	nl	52.3702157,4.8951679
0110	2019	ie	53.3498053,-6.2603097	nl	52.3702157,4.8951679
0113	2019	ar	-34.6036844,-58.3815591	de	52.5200066,13.404954
0113	2019	ar	-34.6036844,-58.3815591	eu	50.8503463,4.3517211
0113	2019	ar	-34.6036844,-58.3815591	fr	48.856614,2.3522219
0113	2019	ar	-34.6036844,-58.3815591	nl	52.3702157,4.8951679
0113	2019	ar	-34.6036844,-58.3815591	pl	52.2296756,21.0122287
0113	2019	ar	-34.6036844,-58.3815591	pt	38.7222524,-9.1393366
0113	2019	de	52.5200066,13.404954	eu	50.8503463,4.3517211
0113	2019	de	52.5200066,13.404954	fr	48.856614,2.3522219
0113	2019	de	52.5200066,13.404954	nl	52.3702157,4.8951679
0113	2019	de	52.5200066,13.404954	pl	52.2296756,21.0122287
0113	2019	de	52.5200066,13.404954	pt	38.7222524,-9.1393366
0113	2019	eu	50.8503463,4.3517211	fr	48.856614,2.3522219
0113	2019	eu	50.8503463,4.3517211	nl	52.3702157,4.8951679
0113	2019	eu	50.8503463,4.3517211	pl	52.2296756,21.0122287
0113	2019	eu	50.8503463,4.3517211	pt	38.7222524,-9.1393366
0113	2019	fr	48.856614,2.3522219	nl	52.3702157,4.8951679
0113	2019	fr	48.856614,2.3522219	pl	52.2296756,21.0122287
0113	2019	fr	48.856614,2.3522219	pt	38.7222524,-9.1393366
0113	2019	nl	52.3702157,4.8951679	pl	52.2296756,21.0122287
0113	2019	nl	52.3702157,4.8951679	pt	38.7222524,-9.1393366
0113	2019	pl	52.2296756,21.0122287	pt	38.7222524,-9.1393366
0114	2019	mx	19.4326077,-99.133208	pt	38.7222524,-9.1393366
0114	2019	mx	19.4326077,-99.133208	uk	51.5073509,-0.1277583
0114	2019	mx	19.4326077,-99.133208	us	38.9071923,-77.0368707
0114	2019	pt	38.7222524,-9.1393366	uk	51.5073509,-0.1277583
0114	2019	pt	38.7222524,-9.1393366	us	38.9071923,-77.0368707
0114	2019	uk	51.5073509,-0.1277583	us	38.9071923,-77.0368707
0116	2019	ch	46.9479739,7.4474468	fr	48.856614,2.3522219
0116	2019	ch	46.9479739,7.4474468	uk	51.5073509,-0.1277583
0116	2019	fr	48.856614,2.3522219	uk	51.5073509,-0.1277583
0119	2019	be	50.8503463,4.3517211	nl	52.3702157,4.8951679
0119	2019	be	50.8503463,4.3517211	us	38.9071923,-77.0368707
0119	2019	nl	52.3702157,4.8951679	us	38.9071923,-77.0368707
0121	2019	de	52.5200066,13.404954	gr	37.9838096,23.7275388
0121	2019	de	52.5200066,13.404954	ie	53.3498053,-6.2603097
0121	2019	de	52.5200066,13.404954	uk	51.5073509,-0.1277583
0121	2019	gr	37.9838096,23.7275388	ie	53.3498053,-6.2603097
0121	2019	gr	37.9838096,23.7275388	uk	51.5073509,-0.1277583
0121	2019	ie	53.3498053,-6.2603097	uk	51.5073509,-0.1277583
0126	2019	fr	48.856614,2.3522219	us	38.9071923,-77.0368707
0128	2019	es	40.4167754,-3.7037902	ie	53.3498053,-6.2603097
0128	2019	es	40.4167754,-3.7037902	it	41.9027835,12.4963655
0128	2019	es	40.4167754,-3.7037902	uk	51.5073509,-0.1277583
0128	2019	ie	53.3498053,-6.2603097	it	41.9027835,12.4963655
0128	2019	ie	53.3498053,-6.2603097	uk	51.5073509,-0.1277583
0128	2019	it	41.9027835,12.4963655	uk	51.5073509,-0.1277583
0132	2019	ch	46.9479739,7.4474468	uk	51.5073509,-0.1277583
0135	2019	ca	45.4215296,-75.6971931	uk	51.5073509,-0.1277583
0135	2019	ca	45.4215296,-75.6971931	us	38.9071923,-77.0368707
0135	2019	uk	51.5073509,-0.1277583	us	38.9071923,-77.0368707
0136	2019	ca	45.4215296,-75.6971931	it	41.9027835,12.4963655
0136	2019	ca	45.4215296,-75.6971931	us	38.9071923,-77.0368707
0136	2019	it	41.9027835,12.4963655	us	38.9071923,-77.0368707
0139	2019	ee	59.4369608,24.7535747	fi	60.1698557,24.9383791
0139	2019	ee	59.4369608,24.7535747	nl	52.3702157,4.8951679
0139	2019	fi	60.1698557,24.9383791	nl	52.3702157,4.8951679
0142	2019	de	52.5200066,13.404954	il	31.768319,35.21371
0142	2019	de	52.5200066,13.404954	lu	49.611621,6.1319346
0142	2019	de	52.5200066,13.404954	us	38.9071923,-77.0368707
0142	2019	il	31.768319,35.21371	lu	49.611621,6.1319346
0142	2019	il	31.768319,35.21371	us	38.9071923,-77.0368707
0142	2019	lu	49.611621,6.1319346	us	38.9071923,-77.0368707
0153	2019	ru	55.755826,37.6172999	uk	51.5073509,-0.1277583
0176	2019	au	-35.308129,149.124402	ca	45.4215296,-75.6971931
0176	2019	au	-35.308129,149.124402	us	38.9071923,-77.0368707
0176	2019	ca	45.4215296,-75.6971931	us	38.9071923,-77.0368707
0177	2019	au	-35.308129,149.124402	de	52.5200066,13.404954
0177	2019	au	-35.308129,149.124402	it	41.9027835,12.4963655
0177	2019	au	-35.308129,149.124402	us	38.9071923,-77.0368707
0177	2019	de	52.5200066,13.404954	it	41.9027835,12.4963655
0177	2019	de	52.5200066,13.404954	us	38.9071923,-77.0368707
0177	2019	it	41.9027835,12.4963655	us	38.9071923,-77.0368707
0182	2019	pt	38.7222524,-9.1393366	uk	51.5073509,-0.1277583
0183	2019	eu	50.8503463,4.3517211	il	31.768319,35.21371
0183	2019	eu	50.8503463,4.3517211	us	38.9071923,-77.0368707
0183	2019	il	31.768319,35.21371	us	38.9071923,-77.0368707
0187	2019	es	40.4167754,-3.7037902	pl	52.2296756,21.0122287
0189	2019	de	52.5200066,13.404954	us	38.9071923,-77.0368707
0192	2019	uk	51.5073509,-0.1277583	us	38.9071923,-77.0368707
0193	2019	nl	52.3702157,4.8951679	uk	51.5073509,-0.1277583
0196	2019	ch	46.9479739,7.4474468	nl	52.3702157,4.8951679
0197	2019	ch	46.9479739,7.4474468	dk	55.6760968,12.5683372
0200	2019	de	52.5200066,13.404954	hr	45.8150108,15.9819189
0200	2019	de	52.5200066,13.404954	ir	35.6891975,51.3889736
0200	2019	de	52.5200066,13.404954	it	41.9027835,12.4963655
0200	2019	de	52.5200066,13.404954	us	38.9071923,-77.0368707
0200	2019	hr	45.8150108,15.9819189	ir	35.6891975,51.3889736
0200	2019	hr	45.8150108,15.9819189	it	41.9027835,12.4963655
0200	2019	hr	45.8150108,15.9819189	us	38.9071923,-77.0368707
0200	2019	ir	35.6891975,51.3889736	it	41.9027835,12.4963655
0200	2019	ir	35.6891975,51.3889736	us	38.9071923,-77.0368707
0200	2019	it	41.9027835,12.4963655	us	38.9071923,-77.0368707
0207	2019	eu	50.8503463,4.3517211	ie	53.3498053,-6.2603097
0211	2019	ca	45.4215296,-75.6971931	nl	52.3702157,4.8951679
0211	2019	ca	45.4215296,-75.6971931	uk	51.5073509,-0.1277583
0211	2019	ca	45.4215296,-75.6971931	us	38.9071923,-77.0368707
0211	2019	nl	52.3702157,4.8951679	uk	51.5073509,-0.1277583
0211	2019	nl	52.3702157,4.8951679	us	38.9071923,-77.0368707
0211	2019	uk	51.5073509,-0.1277583	us	38.9071923,-77.0368707
0217	2019	ca	45.4215296,-75.6971931	uk	51.5073509,-0.1277583
0217	2019	ca	45.4215296,-75.6971931	us	38.9071923,-77.0368707
0217	2019	uk	51.5073509,-0.1277583	us	38.9071923,-77.0368707
0220	2019	ie	53.3498053,-6.2603097	nl	52.3702157,4.8951679
0220	2019	ie	53.3498053,-6.2603097	uk	51.5073509,-0.1277583
0220	2019	ie	53.3498053,-6.2603097	us	38.9071923,-77.0368707
0220	2019	nl	52.3702157,4.8951679	uk	51.5073509,-0.1277583
0220	2019	nl	52.3702157,4.8951679	us	38.9071923,-77.0368707
0220	2019	uk	51.5073509,-0.1277583	us	38.9071923,-77.0368707
0222	2019	de	52.5200066,13.404954	ie	53.3498053,-6.2603097
0222	2019	de	52.5200066,13.404954	nl	52.3702157,4.8951679
0222	2019	ie	53.3498053,-6.2603097	nl	52.3702157,4.8951679
0225	2019	ca	45.4215296,-75.6971931	us	38.9071923,-77.0368707
0229	2019	eu	50.8503463,4.3517211	it	41.9027835,12.4963655
0232	2019	eu	50.8503463,4.3517211	fr	48.856614,2.3522219
0239	2019	fr	48.856614,2.3522219	pl	52.2296756,21.0122287
0241	2019	au	-35.308129,149.124402	nl	52.3702157,4.8951679
0241	2019	au	-35.308129,149.124402	us	38.9071923,-77.0368707
0241	2019	nl	52.3702157,4.8951679	us	38.9071923,-77.0368707
0243	2019	eu	50.8503463,4.3517211	ie	53.3498053,-6.2603097
0245	2019	de	52.5200066,13.404954	fr	48.856614,2.3522219
0247	2019	fi	60.1698557,24.9383791	fr	48.856614,2.3522219
0247	2019	fi	60.1698557,24.9383791	mx	19.4326077,-99.133208
0247	2019	fi	60.1698557,24.9383791	nl	52.3702157,4.8951679
0247	2019	fi	60.1698557,24.9383791	us	38.9071923,-77.0368707
0247	2019	fr	48.856614,2.3522219	mx	19.4326077,-99.133208
0247	2019	fr	48.856614,2.3522219	nl	52.3702157,4.8951679
0247	2019	fr	48.856614,2.3522219	us	38.9071923,-77.0368707
0247	2019	mx	19.4326077,-99.133208	nl	52.3702157,4.8951679
0247	2019	mx	19.4326077,-99.133208	us	38.9071923,-77.0368707
0247	2019	nl	52.3702157,4.8951679	us	38.9071923,-77.0368707
0248	2019	de	52.5200066,13.404954	es	40.4167754,-3.7037902
0248	2019	de	52.5200066,13.404954	pl	52.2296756,21.0122287
0248	2019	de	52.5200066,13.404954	uk	51.5073509,-0.1277583
0248	2019	es	40.4167754,-3.7037902	pl	52.2296756,21.0122287
0248	2019	es	40.4167754,-3.7037902	uk	51.5073509,-0.1277583
0248	2019	pl	52.2296756,21.0122287	uk	51.5073509,-0.1277583
0252	2019	cz	50.0755381,14.4378005	pl	52.2296756,21.0122287
0256	2019	be	50.8503463,4.3517211	nl	52.3702157,4.8951679
0260	2019	ch	46.9479739,7.4474468	fr	48.856614,2.3522219
0267	2019	at	48.2081743,16.3738189	ca	45.4215296,-75.6971931
0270	2019	fr	48.856614,2.3522219	us	38.9071923,-77.0368707
0271	2019	ch	46.9479739,7.4474468	de	52.5200066,13.404954
0271	2019	ch	46.9479739,7.4474468	it	41.9027835,12.4963655
0271	2019	ch	46.9479739,7.4474468	nl	52.3702157,4.8951679
0271	2019	de	52.5200066,13.404954	it	41.9027835,12.4963655
0271	2019	de	52.5200066,13.404954	nl	52.3702157,4.8951679
0271	2019	it	41.9027835,12.4963655	nl	52.3702157,4.8951679
0273	2019	ch	46.9479739,7.4474468	eu	50.8503463,4.3517211
0273	2019	ch	46.9479739,7.4474468	pt	38.7222524,-9.1393366
0273	2019	eu	50.8503463,4.3517211	pt	38.7222524,-9.1393366
0274	2019	fr	48.856614,2.3522219	it	41.9027835,12.4963655
0275	2019	dk	55.6760968,12.5683372	us	38.9071923,-77.0368707
0284	2019	nl	52.3702157,4.8951679	pt	38.7222524,-9.1393366
0284	2019	nl	52.3702157,4.8951679	se	59.3293235,18.0685808
0284	2019	nl	52.3702157,4.8951679	us	38.9071923,-77.0368707
0284	2019	pt	38.7222524,-9.1393366	se	59.3293235,18.0685808
0284	2019	pt	38.7222524,-9.1393366	us	38.9071923,-77.0368707
0284	2019	se	59.3293235,18.0685808	us	38.9071923,-77.0368707
0286	2019	fi	60.1698557,24.9383791	nl	52.3702157,4.8951679
0287	2019	uk	51.5073509,-0.1277583	us	38.9071923,-77.0368707
0294	2019	ca	45.4215296,-75.6971931	de	52.5200066,13.404954
0295	2019	de	52.5200066,13.404954	uk	51.5073509,-0.1277583
0299	2019	at	48.2081743,16.3738189	de	52.5200066,13.404954
0299	2019	at	48.2081743,16.3738189	us	38.9071923,-77.0368707
0299	2019	de	52.5200066,13.404954	us	38.9071923,-77.0368707
0306	2019	de	52.5200066,13.404954	it	41.9027835,12.4963655
0306	2019	de	52.5200066,13.404954	lu	49.611621,6.1319346
0306	2019	de	52.5200066,13.404954	nl	52.3702157,4.8951679
0306	2019	de	52.5200066,13.404954	uk	51.5073509,-0.1277583
0306	2019	it	41.9027835,12.4963655	lu	49.611621,6.1319346
0306	2019	it	41.9027835,12.4963655	nl	52.3702157,4.8951679
0306	2019	it	41.9027835,12.4963655	uk	51.5073509,-0.1277583
0306	2019	lu	49.611621,6.1319346	nl	52.3702157,4.8951679
0306	2019	lu	49.611621,6.1319346	uk	51.5073509,-0.1277583
0306	2019	nl	52.3702157,4.8951679	uk	51.5073509,-0.1277583
0308	2019	fi	60.1698557,24.9383791	uk	51.5073509,-0.1277583
0312	2019	fr	48.856614,2.3522219	us	38.9071923,-77.0368707
0320	2019	ch	46.9479739,7.4474468	eu	50.8503463,4.3517211
0326	2019	pk	33.6844202,73.0478848	us	38.9071923,-77.0368707
0328	2019	fr	48.856614,2.3522219	tn	36.8064948,10.1815316
0329	2019	at	48.2081743,16.3738189	de	52.5200066,13.404954
0335	2019	cz	50.0755381,14.4378005	pl	52.2296756,21.0122287
0337	2019	de	52.5200066,13.404954	us	38.9071923,-77.0368707
0346	2019	fr	48.856614,2.3522219	it	41.9027835,12.4963655
0348	2019	no	59.9138688,10.7522454	us	38.9071923,-77.0368707
0350	2019	de	52.5200066,13.404954	us	38.9071923,-77.0368707
0357	2019	de	52.5200066,13.404954	pl	52.2296756,21.0122287
0358	2019	de	52.5200066,13.404954	nl	52.3702157,4.8951679
0358	2019	de	52.5200066,13.404954	tr	39.9333635,32.8597419
0358	2019	nl	52.3702157,4.8951679	tr	39.9333635,32.8597419
0365	2019	at	48.2081743,16.3738189	es	40.4167754,-3.7037902
0365	2019	at	48.2081743,16.3738189	ie	53.3498053,-6.2603097
0365	2019	es	40.4167754,-3.7037902	ie	53.3498053,-6.2603097
0369	2019	nl	52.3702157,4.8951679	us	38.9071923,-77.0368707
0373	2019	au	-35.308129,149.124402	ca	45.4215296,-75.6971931
0373	2019	au	-35.308129,149.124402	de	52.5200066,13.404954
0373	2019	ca	45.4215296,-75.6971931	de	52.5200066,13.404954
0377	2019	de	52.5200066,13.404954	ru	55.755826,37.6172999
0377	2019	de	52.5200066,13.404954	us	38.9071923,-77.0368707
0377	2019	ru	55.755826,37.6172999	us	38.9071923,-77.0368707
0378	2019	ca	45.4215296,-75.6971931	fr	48.856614,2.3522219
0380	2019	ca	45.4215296,-75.6971931	uk	51.5073509,-0.1277583
0380	2019	ca	45.4215296,-75.6971931	us	38.9071923,-77.0368707
0380	2019	uk	51.5073509,-0.1277583	us	38.9071923,-77.0368707
0381	2019	au	-35.308129,149.124402	be	50.8503463,4.3517211
0381	2019	au	-35.308129,149.124402	eu	50.8503463,4.3517211
0381	2019	au	-35.308129,149.124402	us	38.9071923,-77.0368707
0381	2019	be	50.8503463,4.3517211	eu	50.8503463,4.3517211
0381	2019	be	50.8503463,4.3517211	us	38.9071923,-77.0368707
0381	2019	eu	50.8503463,4.3517211	us	38.9071923,-77.0368707
0383	2019	cz	50.0755381,14.4378005	jp	35.7090259,139.7319925
0387	2019	au	-35.308129,149.124402	uk	51.5073509,-0.1277583
0387	2019	au	-35.308129,149.124402	us	38.9071923,-77.0368707
0387	2019	uk	51.5073509,-0.1277583	us	38.9071923,-77.0368707
0390	2019	de	52.5200066,13.404954	eu	50.8503463,4.3517211
0390	2019	de	52.5200066,13.404954	uk	51.5073509,-0.1277583
0390	2019	eu	50.8503463,4.3517211	uk	51.5073509,-0.1277583
0391	2019	de	52.5200066,13.404954	it	41.9027835,12.4963655
0391	2019	de	52.5200066,13.404954	lu	49.611621,6.1319346
0391	2019	de	52.5200066,13.404954	nl	52.3702157,4.8951679
0391	2019	de	52.5200066,13.404954	uk	51.5073509,-0.1277583
0391	2019	it	41.9027835,12.4963655	lu	49.611621,6.1319346
0391	2019	it	41.9027835,12.4963655	nl	52.3702157,4.8951679
0391	2019	it	41.9027835,12.4963655	uk	51.5073509,-0.1277583
0391	2019	lu	49.611621,6.1319346	nl	52.3702157,4.8951679
0391	2019	lu	49.611621,6.1319346	uk	51.5073509,-0.1277583
0391	2019	nl	52.3702157,4.8951679	uk	51.5073509,-0.1277583
0392	2019	at	48.2081743,16.3738189	fr	48.856614,2.3522219
0393	2019	it	41.9027835,12.4963655	uk	51.5073509,-0.1277583
0394	2019	be	50.8503463,4.3517211	nl	52.3702157,4.8951679
0395	2019	ch	46.9479739,7.4474468	fr	48.856614,2.3522219
0395	2019	ch	46.9479739,7.4474468	it	41.9027835,12.4963655
0395	2019	ch	46.9479739,7.4474468	pl	52.2296756,21.0122287
0395	2019	fr	48.856614,2.3522219	it	41.9027835,12.4963655
0395	2019	fr	48.856614,2.3522219	pl	52.2296756,21.0122287
0395	2019	it	41.9027835,12.4963655	pl	52.2296756,21.0122287
0398	2019	be	50.8503463,4.3517211	ca	45.4215296,-75.6971931
0399	2019	fi	60.1698557,24.9383791	ru	55.755826,37.6172999
0399	2019	fi	60.1698557,24.9383791	us	38.9071923,-77.0368707
0399	2019	ru	55.755826,37.6172999	us	38.9071923,-77.0368707
0401	2019	de	52.5200066,13.404954	ru	55.755826,37.6172999
0401	2019	de	52.5200066,13.404954	us	38.9071923,-77.0368707
0401	2019	ru	55.755826,37.6172999	us	38.9071923,-77.0368707
0403	2019	at	48.2081743,16.3738189	ie	53.3498053,-6.2603097
0403	2019	at	48.2081743,16.3738189	rs	44.786568,20.4489216
0403	2019	ie	53.3498053,-6.2603097	rs	44.786568,20.4489216
0404	2019	nl	52.3702157,4.8951679	us	38.9071923,-77.0368707
0405	2019	ca	45.4215296,-75.6971931	ch	46.9479739,7.4474468
0405	2019	ca	45.4215296,-75.6971931	eu	50.8503463,4.3517211
0405	2019	ca	45.4215296,-75.6971931	nl	52.3702157,4.8951679
0405	2019	ca	45.4215296,-75.6971931	uk	51.5073509,-0.1277583
0405	2019	ch	46.9479739,7.4474468	eu	50.8503463,4.3517211
0405	2019	ch	46.9479739,7.4474468	nl	52.3702157,4.8951679
0405	2019	ch	46.9479739,7.4474468	uk	51.5073509,-0.1277583
0405	2019	eu	50.8503463,4.3517211	nl	52.3702157,4.8951679
0405	2019	eu	50.8503463,4.3517211	uk	51.5073509,-0.1277583
0405	2019	nl	52.3702157,4.8951679	uk	51.5073509,-0.1277583
0406	2019	au	-35.308129,149.124402	fi	60.1698557,24.9383791
0406	2019	au	-35.308129,149.124402	ie	53.3498053,-6.2603097
0406	2019	au	-35.308129,149.124402	uk	51.5073509,-0.1277583
0406	2019	au	-35.308129,149.124402	us	38.9071923,-77.0368707
0406	2019	fi	60.1698557,24.9383791	ie	53.3498053,-6.2603097
0406	2019	fi	60.1698557,24.9383791	uk	51.5073509,-0.1277583
0406	2019	fi	60.1698557,24.9383791	us	38.9071923,-77.0368707
0406	2019	ie	53.3498053,-6.2603097	uk	51.5073509,-0.1277583
0406	2019	ie	53.3498053,-6.2603097	us	38.9071923,-77.0368707
0406	2019	uk	51.5073509,-0.1277583	us	38.9071923,-77.0368707
0407	2019	de	52.5200066,13.404954	eu	50.8503463,4.3517211
0407	2019	de	52.5200066,13.404954	us	38.9071923,-77.0368707
0407	2019	eu	50.8503463,4.3517211	us	38.9071923,-77.0368707
0408	2019	de	52.5200066,13.404954	mx	19.4326077,-99.133208
0408	2019	de	52.5200066,13.404954	nl	52.3702157,4.8951679
0408	2019	de	52.5200066,13.404954	no	59.9138688,10.7522454
0408	2019	de	52.5200066,13.404954	uk	51.5073509,-0.1277583
0408	2019	de	52.5200066,13.404954	us	38.9071923,-77.0368707
0408	2019	mx	19.4326077,-99.133208	nl	52.3702157,4.8951679
0408	2019	mx	19.4326077,-99.133208	no	59.9138688,10.7522454
0408	2019	mx	19.4326077,-99.133208	uk	51.5073509,-0.1277583
0408	2019	mx	19.4326077,-99.133208	us	38.9071923,-77.0368707
0408	2019	nl	52.3702157,4.8951679	no	59.9138688,10.7522454
0408	2019	nl	52.3702157,4.8951679	uk	51.5073509,-0.1277583
0408	2019	nl	52.3702157,4.8951679	us	38.9071923,-77.0368707
0408	2019	no	59.9138688,10.7522454	uk	51.5073509,-0.1277583
0408	2019	no	59.9138688,10.7522454	us	38.9071923,-77.0368707
0408	2019	uk	51.5073509,-0.1277583	us	38.9071923,-77.0368707
0409	2019	at	48.2081743,16.3738189	es	40.4167754,-3.7037902
0409	2019	at	48.2081743,16.3738189	us	38.9071923,-77.0368707
0409	2019	es	40.4167754,-3.7037902	us	38.9071923,-77.0368707
0413	2019	nl	52.3702157,4.8951679	us	38.9071923,-77.0368707
0416	2019	at	48.2081743,16.3738189	ca	45.4215296,-75.6971931
0416	2019	at	48.2081743,16.3738189	us	38.9071923,-77.0368707
0416	2019	ca	45.4215296,-75.6971931	us	38.9071923,-77.0368707
0417	2019	ca	45.4215296,-75.6971931	us	38.9071923,-77.0368707
0418	2019	fr	48.856614,2.3522219	uk	51.5073509,-0.1277583
0418	2019	fr	48.856614,2.3522219	us	38.9071923,-77.0368707
0418	2019	uk	51.5073509,-0.1277583	us	38.9071923,-77.0368707
0423	2019	de	52.5200066,13.404954	fr	48.856614,2.3522219
0423	2019	de	52.5200066,13.404954	uk	51.5073509,-0.1277583
0423	2019	fr	48.856614,2.3522219	uk	51.5073509,-0.1277583
0424	2019	be	50.8503463,4.3517211	it	41.9027835,12.4963655
0425	2019	at	48.2081743,16.3738189	de	52.5200066,13.404954
0426	2019	nl	52.3702157,4.8951679	se	59.3293235,18.0685808
0004	2020	de	52.5200066,13.404954	us	38.9071923,-77.0368707
0012	2020	ca	45.4215296,-75.6971931	de	52.5200066,13.404954
0016	2020	ca	45.4215296,-75.6971931	nl	52.3702157,4.8951679
0016	2020	ca	45.4215296,-75.6971931	us	38.9071923,-77.0368707
0016	2020	nl	52.3702157,4.8951679	us	38.9071923,-77.0368707
0022	2020	ca	45.4215296,-75.6971931	eu	50.8503463,4.3517211
0022	2020	ca	45.4215296,-75.6971931	us	38.9071923,-77.0368707
0022	2020	eu	50.8503463,4.3517211	us	38.9071923,-77.0368707
0023	2020	de	52.5200066,13.404954	eu	50.8503463,4.3517211
0029	2020	ch	46.9479739,7.4474468	cz	50.0755381,14.4378005
0029	2020	ch	46.9479739,7.4474468	fr	48.856614,2.3522219
0029	2020	ch	46.9479739,7.4474468	us	38.9071923,-77.0368707
0029	2020	cz	50.0755381,14.4378005	fr	48.856614,2.3522219
0029	2020	cz	50.0755381,14.4378005	us	38.9071923,-77.0368707
0029	2020	fr	48.856614,2.3522219	us	38.9071923,-77.0368707
0032	2020	nl	52.3702157,4.8951679	us	38.9071923,-77.0368707
0034	2020	ch	46.9479739,7.4474468	de	52.5200066,13.404954
0034	2020	ch	46.9479739,7.4474468	uk	51.5073509,-0.1277583
0034	2020	ch	46.9479739,7.4474468	us	38.9071923,-77.0368707
0034	2020	de	52.5200066,13.404954	uk	51.5073509,-0.1277583
0034	2020	de	52.5200066,13.404954	us	38.9071923,-77.0368707
0034	2020	uk	51.5073509,-0.1277583	us	38.9071923,-77.0368707
0035	2020	lu	49.611621,6.1319346	nl	52.3702157,4.8951679
0040	2020	de	52.5200066,13.404954	us	38.9071923,-77.0368707
0042	2020	fr	48.856614,2.3522219	uk	51.5073509,-0.1277583
0049	2020	ca	45.4215296,-75.6971931	us	38.9071923,-77.0368707
0056	2020	jo	31.9453666,35.9283716	uk	51.5073509,-0.1277583
0058	2020	ca	45.4215296,-75.6971931	uk	51.5073509,-0.1277583
0058	2020	ca	45.4215296,-75.6971931	us	38.9071923,-77.0368707
0058	2020	uk	51.5073509,-0.1277583	us	38.9071923,-77.0368707
0066	2020	de	52.5200066,13.404954	nl	52.3702157,4.8951679
0066	2020	de	52.5200066,13.404954	us	38.9071923,-77.0368707
0066	2020	nl	52.3702157,4.8951679	us	38.9071923,-77.0368707
0067	2020	ca	45.4215296,-75.6971931	us	38.9071923,-77.0368707
0076	2020	ca	45.4215296,-75.6971931	us	38.9071923,-77.0368707
0079	2020	gr	37.9838096,23.7275388	qa	25.2854473,51.5310398
0079	2020	gr	37.9838096,23.7275388	uk	51.5073509,-0.1277583
0079	2020	qa	25.2854473,51.5310398	uk	51.5073509,-0.1277583
0081	2020	ch	46.9479739,7.4474468	uk	51.5073509,-0.1277583
0088	2020	ch	46.9479739,7.4474468	de	52.5200066,13.404954
0088	2020	ch	46.9479739,7.4474468	no	59.9138688,10.7522454
0088	2020	ch	46.9479739,7.4474468	uk	51.5073509,-0.1277583
0088	2020	de	52.5200066,13.404954	no	59.9138688,10.7522454
0088	2020	de	52.5200066,13.404954	uk	51.5073509,-0.1277583
0088	2020	no	59.9138688,10.7522454	uk	51.5073509,-0.1277583
0091	2020	au	-35.308129,149.124402	es	40.4167754,-3.7037902
0092	2020	fr	48.856614,2.3522219	ro	44.4267674,26.1025384
0096	2020	de	52.5200066,13.404954	us	38.9071923,-77.0368707
0097	2020	at	48.2081743,16.3738189	ru	55.755826,37.6172999
0099	2020	cn	39.9041999,116.4073963	dk	55.6760968,12.5683372
0100	2020	bb	13.0968511,-59.6144819	co	4.7109886,-74.072092
0100	2020	bb	13.0968511,-59.6144819	de	52.5200066,13.404954
0100	2020	bb	13.0968511,-59.6144819	us	38.9071923,-77.0368707
0100	2020	co	4.7109886,-74.072092	de	52.5200066,13.404954
0100	2020	co	4.7109886,-74.072092	us	38.9071923,-77.0368707
0100	2020	de	52.5200066,13.404954	us	38.9071923,-77.0368707
0103	2020	at	48.2081743,16.3738189	hr	45.8150108,15.9819189
0104	2020	fr	48.856614,2.3522219	us	38.9071923,-77.0368707
0106	2020	at	48.2081743,16.3738189	in	28.6139391,77.2090212
0106	2020	at	48.2081743,16.3738189	uk	51.5073509,-0.1277583
0106	2020	at	48.2081743,16.3738189	us	38.9071923,-77.0368707
0106	2020	at	48.2081743,16.3738189	za	-25.7478676,28.2292712
0106	2020	in	28.6139391,77.2090212	uk	51.5073509,-0.1277583
0106	2020	in	28.6139391,77.2090212	us	38.9071923,-77.0368707
0106	2020	in	28.6139391,77.2090212	za	-25.7478676,28.2292712
0106	2020	uk	51.5073509,-0.1277583	us	38.9071923,-77.0368707
0106	2020	uk	51.5073509,-0.1277583	za	-25.7478676,28.2292712
0106	2020	us	38.9071923,-77.0368707	za	-25.7478676,28.2292712
0107	2020	at	48.2081743,16.3738189	eu	50.8503463,4.3517211
0107	2020	at	48.2081743,16.3738189	nl	52.3702157,4.8951679
0107	2020	eu	50.8503463,4.3517211	nl	52.3702157,4.8951679
0109	2020	fr	48.856614,2.3522219	nl	52.3702157,4.8951679
0116	2020	au	-35.308129,149.124402	ca	45.4215296,-75.6971931
0116	2020	au	-35.308129,149.124402	uk	51.5073509,-0.1277583
0116	2020	au	-35.308129,149.124402	us	38.9071923,-77.0368707
0116	2020	ca	45.4215296,-75.6971931	uk	51.5073509,-0.1277583
0116	2020	ca	45.4215296,-75.6971931	us	38.9071923,-77.0368707
0116	2020	uk	51.5073509,-0.1277583	us	38.9071923,-77.0368707
0117	2020	de	52.5200066,13.404954	us	38.9071923,-77.0368707
0119	2020	jp	35.7090259,139.7319925	us	38.9071923,-77.0368707
0126	2020	ch	46.9479739,7.4474468	eu	50.8503463,4.3517211
0126	2020	ch	46.9479739,7.4474468	fr	48.856614,2.3522219
0126	2020	eu	50.8503463,4.3517211	fr	48.856614,2.3522219
0127	2020	id	-6.2087634,106.845599	us	38.9071923,-77.0368707
0133	2020	uk	51.5073509,-0.1277583	us	38.9071923,-77.0368707
0145	2020	nl	52.3702157,4.8951679	uk	51.5073509,-0.1277583
0146	2020	ca	45.4215296,-75.6971931	us	38.9071923,-77.0368707
0154	2020	uk	51.5073509,-0.1277583	us	38.9071923,-77.0368707
0160	2020	au	-35.308129,149.124402	us	38.9071923,-77.0368707
0171	2020	de	52.5200066,13.404954	lu	49.611621,6.1319346
0171	2020	de	52.5200066,13.404954	nl	52.3702157,4.8951679
0171	2020	de	52.5200066,13.404954	us	38.9071923,-77.0368707
0171	2020	lu	49.611621,6.1319346	nl	52.3702157,4.8951679
0171	2020	lu	49.611621,6.1319346	us	38.9071923,-77.0368707
0171	2020	nl	52.3702157,4.8951679	us	38.9071923,-77.0368707
0174	2020	de	52.5200066,13.404954	ru	55.755826,37.6172999
0185	2020	cn	39.9041999,116.4073963	us	38.9071923,-77.0368707
0191	2020	ch	46.9479739,7.4474468	it	41.9027835,12.4963655
0195	2020	au	-35.308129,149.124402	ca	45.4215296,-75.6971931
0195	2020	au	-35.308129,149.124402	mx	19.4326077,-99.133208
0195	2020	au	-35.308129,149.124402	uk	51.5073509,-0.1277583
0195	2020	au	-35.308129,149.124402	us	38.9071923,-77.0368707
0195	2020	ca	45.4215296,-75.6971931	mx	19.4326077,-99.133208
0195	2020	ca	45.4215296,-75.6971931	uk	51.5073509,-0.1277583
0195	2020	ca	45.4215296,-75.6971931	us	38.9071923,-77.0368707
0195	2020	mx	19.4326077,-99.133208	uk	51.5073509,-0.1277583
0195	2020	mx	19.4326077,-99.133208	us	38.9071923,-77.0368707
0195	2020	uk	51.5073509,-0.1277583	us	38.9071923,-77.0368707
0203	2020	tw	25.0329694,121.5654177	us	38.9071923,-77.0368707
0205	2020	fr	48.856614,2.3522219	sg	1.355429,103.867722
0218	2020	br	-15.794392,-47.882004	fr	48.856614,2.3522219
0219	2020	ug	0.3475964,32.5825197	za	-25.7478676,28.2292712
0243	2020	ca	45.4215296,-75.6971931	de	52.5200066,13.404954
0243	2020	ca	45.4215296,-75.6971931	dk	55.6760968,12.5683372
0243	2020	ca	45.4215296,-75.6971931	uk	51.5073509,-0.1277583
0243	2020	ca	45.4215296,-75.6971931	us	38.9071923,-77.0368707
0243	2020	de	52.5200066,13.404954	dk	55.6760968,12.5683372
0243	2020	de	52.5200066,13.404954	uk	51.5073509,-0.1277583
0243	2020	de	52.5200066,13.404954	us	38.9071923,-77.0368707
0243	2020	dk	55.6760968,12.5683372	uk	51.5073509,-0.1277583
0243	2020	dk	55.6760968,12.5683372	us	38.9071923,-77.0368707
0243	2020	uk	51.5073509,-0.1277583	us	38.9071923,-77.0368707
0246	2020	uk	51.5073509,-0.1277583	us	38.9071923,-77.0368707
0247	2020	ca	45.4215296,-75.6971931	il	31.768319,35.21371
0251	2020	cn	39.9041999,116.4073963	kr	37.552361,126.991432
0251	2020	cn	39.9041999,116.4073963	us	38.9071923,-77.0368707
0251	2020	kr	37.552361,126.991432	us	38.9071923,-77.0368707
0254	2020	ca	45.4215296,-75.6971931	us	38.9071923,-77.0368707
0263	2020	ca	45.4215296,-75.6971931	us	38.9071923,-77.0368707
0283	2020	de	52.5200066,13.404954	us	38.9071923,-77.0368707
0297	2020	ng	9.0764785,7.398574	nl	52.3702157,4.8951679
0297	2020	ng	9.0764785,7.398574	za	-25.7478676,28.2292712
0297	2020	nl	52.3702157,4.8951679	za	-25.7478676,28.2292712
0306	2020	nl	52.3702157,4.8951679	us	38.9071923,-77.0368707
0308	2020	de	52.5200066,13.404954	es	40.4167754,-3.7037902
0308	2020	de	52.5200066,13.404954	hr	45.8150108,15.9819189
0308	2020	de	52.5200066,13.404954	pl	52.2296756,21.0122287
0308	2020	de	52.5200066,13.404954	uk	51.5073509,-0.1277583
0308	2020	es	40.4167754,-3.7037902	hr	45.8150108,15.9819189
0308	2020	es	40.4167754,-3.7037902	pl	52.2296756,21.0122287
0308	2020	es	40.4167754,-3.7037902	uk	51.5073509,-0.1277583
0308	2020	hr	45.8150108,15.9819189	pl	52.2296756,21.0122287
0308	2020	hr	45.8150108,15.9819189	uk	51.5073509,-0.1277583
0308	2020	pl	52.2296756,21.0122287	uk	51.5073509,-0.1277583
0312	2020	ar	-34.6036844,-58.3815591	at	48.2081743,16.3738189
0312	2020	ar	-34.6036844,-58.3815591	ca	45.4215296,-75.6971931
0312	2020	ar	-34.6036844,-58.3815591	ch	46.9479739,7.4474468
0312	2020	ar	-34.6036844,-58.3815591	jp	35.7090259,139.7319925
0312	2020	ar	-34.6036844,-58.3815591	us	38.9071923,-77.0368707
0312	2020	at	48.2081743,16.3738189	ca	45.4215296,-75.6971931
0312	2020	at	48.2081743,16.3738189	ch	46.9479739,7.4474468
0312	2020	at	48.2081743,16.3738189	jp	35.7090259,139.7319925
0312	2020	at	48.2081743,16.3738189	us	38.9071923,-77.0368707
0312	2020	ca	45.4215296,-75.6971931	ch	46.9479739,7.4474468
0312	2020	ca	45.4215296,-75.6971931	jp	35.7090259,139.7319925
0312	2020	ca	45.4215296,-75.6971931	us	38.9071923,-77.0368707
0312	2020	ch	46.9479739,7.4474468	jp	35.7090259,139.7319925
0312	2020	ch	46.9479739,7.4474468	us	38.9071923,-77.0368707
0312	2020	jp	35.7090259,139.7319925	us	38.9071923,-77.0368707
0318	2020	ch	46.9479739,7.4474468	lu	49.611621,6.1319346
0319	2020	ca	45.4215296,-75.6971931	uk	51.5073509,-0.1277583
0330	2020	ca	45.4215296,-75.6971931	fr	48.856614,2.3522219
0330	2020	ca	45.4215296,-75.6971931	us	38.9071923,-77.0368707
0330	2020	fr	48.856614,2.3522219	us	38.9071923,-77.0368707
0331	2020	es	40.4167754,-3.7037902	ie	53.3498053,-6.2603097
0341	2020	at	48.2081743,16.3738189	ca	45.4215296,-75.6971931
0341	2020	at	48.2081743,16.3738189	de	52.5200066,13.404954
0341	2020	at	48.2081743,16.3738189	uk	51.5073509,-0.1277583
0341	2020	ca	45.4215296,-75.6971931	de	52.5200066,13.404954
0341	2020	ca	45.4215296,-75.6971931	uk	51.5073509,-0.1277583
0341	2020	de	52.5200066,13.404954	uk	51.5073509,-0.1277583
0346	2020	fi	60.1698557,24.9383791	fr	48.856614,2.3522219
0346	2020	fi	60.1698557,24.9383791	us	38.9071923,-77.0368707
0346	2020	fr	48.856614,2.3522219	us	38.9071923,-77.0368707
0350	2020	de	52.5200066,13.404954	mx	19.4326077,-99.133208
0350	2020	de	52.5200066,13.404954	uk	51.5073509,-0.1277583
0350	2020	de	52.5200066,13.404954	us	38.9071923,-77.0368707
0350	2020	de	52.5200066,13.404954	za	-25.7478676,28.2292712
0350	2020	mx	19.4326077,-99.133208	uk	51.5073509,-0.1277583
0350	2020	mx	19.4326077,-99.133208	us	38.9071923,-77.0368707
0350	2020	mx	19.4326077,-99.133208	za	-25.7478676,28.2292712
0350	2020	uk	51.5073509,-0.1277583	us	38.9071923,-77.0368707
0350	2020	uk	51.5073509,-0.1277583	za	-25.7478676,28.2292712
0350	2020	us	38.9071923,-77.0368707	za	-25.7478676,28.2292712
0366	2020	eu	50.8503463,4.3517211	si	46.0569465,14.5057515
0367	2020	cz	50.0755381,14.4378005	de	52.5200066,13.404954
0368	2020	ca	45.4215296,-75.6971931	uk	51.5073509,-0.1277583
0368	2020	ca	45.4215296,-75.6971931	us	38.9071923,-77.0368707
0368	2020	uk	51.5073509,-0.1277583	us	38.9071923,-77.0368707
0377	2020	ca	45.4215296,-75.6971931	uk	51.5073509,-0.1277583
0378	2020	lu	49.611621,6.1319346	nl	52.3702157,4.8951679
0385	2020	cn	39.9041999,116.4073963	us	38.9071923,-77.0368707
0390	2020	be	50.8503463,4.3517211	ca	45.4215296,-75.6971931
0393	2020	de	52.5200066,13.404954	us	38.9071923,-77.0368707
0399	2020	de	52.5200066,13.404954	it	41.9027835,12.4963655
0399	2020	de	52.5200066,13.404954	us	38.9071923,-77.0368707
0399	2020	it	41.9027835,12.4963655	us	38.9071923,-77.0368707
0401	2020	ca	45.4215296,-75.6971931	in	28.6139391,77.2090212
0403	2020	de	52.5200066,13.404954	ro	44.4267674,26.1025384
0406	2020	mx	19.4326077,-99.133208	pe	-12.0463731,-77.042754
0415	2020	nz	-41.2864603,174.776236	us	38.9071923,-77.0368707
0419	2020	ca	45.4215296,-75.6971931	us	38.9071923,-77.0368707
0434	2020	ca	45.4215296,-75.6971931	us	38.9071923,-77.0368707
0444	2020	be	50.8503463,4.3517211	ca	45.4215296,-75.6971931
0444	2020	be	50.8503463,4.3517211	us	38.9071923,-77.0368707
0444	2020	ca	45.4215296,-75.6971931	us	38.9071923,-77.0368707
0445	2020	cn	39.9041999,116.4073963	us	38.9071923,-77.0368707
0448	2020	ca	45.4215296,-75.6971931	us	38.9071923,-77.0368707
0455	2020	at	48.2081743,16.3738189	de	52.5200066,13.404954
0455	2020	at	48.2081743,16.3738189	fi	60.1698557,24.9383791
0455	2020	at	48.2081743,16.3738189	fr	48.856614,2.3522219
0455	2020	de	52.5200066,13.404954	fi	60.1698557,24.9383791
0455	2020	de	52.5200066,13.404954	fr	48.856614,2.3522219
0455	2020	fi	60.1698557,24.9383791	fr	48.856614,2.3522219
0462	2020	ca	45.4215296,-75.6971931	us	38.9071923,-77.0368707
0011	2017	uk	51.5073509,-0.1277583	us	38.9071923,-77.0368707
0019	2017	ca	45.4215296,-75.6971931	uk	51.5073509,-0.1277583
0019	2017	ca	45.4215296,-75.6971931	us	38.9071923,-77.0368707
0019	2017	uk	51.5073509,-0.1277583	us	38.9071923,-77.0368707
0021	2017	nl	52.3702157,4.8951679	uk	51.5073509,-0.1277583
0031	2017	ca	45.4215296,-75.6971931	de	52.5200066,13.404954
0031	2017	ca	45.4215296,-75.6971931	us	38.9071923,-77.0368707
0031	2017	de	52.5200066,13.404954	us	38.9071923,-77.0368707
0035	2017	de	52.5200066,13.404954	us	38.9071923,-77.0368707
0037	2017	de	52.5200066,13.404954	eu	50.8503463,4.3517211
0037	2017	de	52.5200066,13.404954	ru	55.755826,37.6172999
0037	2017	eu	50.8503463,4.3517211	ru	55.755826,37.6172999
0040	2017	at	48.2081743,16.3738189	ca	45.4215296,-75.6971931
0040	2017	at	48.2081743,16.3738189	de	52.5200066,13.404954
0040	2017	at	48.2081743,16.3738189	fr	48.856614,2.3522219
0040	2017	at	48.2081743,16.3738189	nl	52.3702157,4.8951679
0040	2017	ca	45.4215296,-75.6971931	de	52.5200066,13.404954
0040	2017	ca	45.4215296,-75.6971931	fr	48.856614,2.3522219
0040	2017	ca	45.4215296,-75.6971931	nl	52.3702157,4.8951679
0040	2017	de	52.5200066,13.404954	fr	48.856614,2.3522219
0040	2017	de	52.5200066,13.404954	nl	52.3702157,4.8951679
0040	2017	fr	48.856614,2.3522219	nl	52.3702157,4.8951679
0042	2017	be	50.8503463,4.3517211	fr	48.856614,2.3522219
0043	2017	be	50.8503463,4.3517211	nl	52.3702157,4.8951679
0044	2017	tw	25.0329694,121.5654177	us	38.9071923,-77.0368707
0054	2017	nl	52.3702157,4.8951679	us	38.9071923,-77.0368707
0062	2017	ca	45.4215296,-75.6971931	us	38.9071923,-77.0368707
0065	2017	ru	55.755826,37.6172999	uk	51.5073509,-0.1277583
0069	2017	in	28.6139391,77.2090212	us	38.9071923,-77.0368707
0076	2017	de	52.5200066,13.404954	eu	50.8503463,4.3517211
0078	2017	ca	45.4215296,-75.6971931	uk	51.5073509,-0.1277583
0080	2017	ca	45.4215296,-75.6971931	fr	48.856614,2.3522219
0088	2017	ar	-34.6036844,-58.3815591	es	40.4167754,-3.7037902
0088	2017	ar	-34.6036844,-58.3815591	pt	38.7222524,-9.1393366
0088	2017	es	40.4167754,-3.7037902	pt	38.7222524,-9.1393366
0090	2017	ca	45.4215296,-75.6971931	fi	60.1698557,24.9383791
0093	2017	fr	48.856614,2.3522219	ru	55.755826,37.6172999
0096	2017	au	-35.308129,149.124402	tw	25.0329694,121.5654177
0104	2017	gr	37.9838096,23.7275388	uk	51.5073509,-0.1277583
0106	2017	ca	45.4215296,-75.6971931	jp	35.7090259,139.7319925
0120	2017	at	48.2081743,16.3738189	us	38.9071923,-77.0368707
0131	2017	ca	45.4215296,-75.6971931	fr	48.856614,2.3522219
0133	2017	es	40.4167754,-3.7037902	se	59.3293235,18.0685808
0139	2017	no	59.9138688,10.7522454	us	38.9071923,-77.0368707
0152	2017	ie	53.3498053,-6.2603097	us	38.9071923,-77.0368707
0157	2017	ar	-34.6036844,-58.3815591	es	40.4167754,-3.7037902
0157	2017	ar	-34.6036844,-58.3815591	mx	19.4326077,-99.133208
0157	2017	es	40.4167754,-3.7037902	mx	19.4326077,-99.133208
0159	2017	ca	45.4215296,-75.6971931	us	38.9071923,-77.0368707
0165	2017	in	28.6139391,77.2090212	mx	19.4326077,-99.133208
0165	2017	in	28.6139391,77.2090212	us	38.9071923,-77.0368707
0165	2017	mx	19.4326077,-99.133208	us	38.9071923,-77.0368707
0166	2017	sg	1.355429,103.867722	us	38.9071923,-77.0368707
0180	2017	au	-35.308129,149.124402	uk	51.5073509,-0.1277583
0182	2017	at	48.2081743,16.3738189	it	41.9027835,12.4963655
0190	2017	de	52.5200066,13.404954	nl	52.3702157,4.8951679
0202	2017	de	52.5200066,13.404954	fr	48.856614,2.3522219
0207	2017	ca	45.4215296,-75.6971931	us	38.9071923,-77.0368707
0208	2017	jp	35.7090259,139.7319925	us	38.9071923,-77.0368707
0212	2017	be	50.8503463,4.3517211	ca	45.4215296,-75.6971931
0219	2017	be	50.8503463,4.3517211	it	41.9027835,12.4963655
0219	2017	be	50.8503463,4.3517211	nl	52.3702157,4.8951679
0219	2017	be	50.8503463,4.3517211	se	59.3293235,18.0685808
0219	2017	it	41.9027835,12.4963655	nl	52.3702157,4.8951679
0219	2017	it	41.9027835,12.4963655	se	59.3293235,18.0685808
0219	2017	nl	52.3702157,4.8951679	se	59.3293235,18.0685808
0232	2017	au	-35.308129,149.124402	ca	45.4215296,-75.6971931
0237	2017	ca	45.4215296,-75.6971931	fr	48.856614,2.3522219
0243	2017	ca	45.4215296,-75.6971931	us	38.9071923,-77.0368707
0245	2017	de	52.5200066,13.404954	us	38.9071923,-77.0368707
0254	2017	ch	46.9479739,7.4474468	us	38.9071923,-77.0368707
0255	2017	ar	-34.6036844,-58.3815591	es	40.4167754,-3.7037902
0261	2017	uk	51.5073509,-0.1277583	us	38.9071923,-77.0368707
0262	2017	ca	45.4215296,-75.6971931	us	38.9071923,-77.0368707
0272	2017	ca	45.4215296,-75.6971931	us	38.9071923,-77.0368707
0285	2017	ca	45.4215296,-75.6971931	us	38.9071923,-77.0368707
0292	2017	cn	39.9041999,116.4073963	de	52.5200066,13.404954
0292	2017	cn	39.9041999,116.4073963	us	38.9071923,-77.0368707
0292	2017	de	52.5200066,13.404954	us	38.9071923,-77.0368707
0293	2017	es	40.4167754,-3.7037902	fr	48.856614,2.3522219
0305	2017	de	52.5200066,13.404954	eu	50.8503463,4.3517211
0306	2017	at	48.2081743,16.3738189	de	52.5200066,13.404954
0306	2017	at	48.2081743,16.3738189	ru	55.755826,37.6172999
0306	2017	de	52.5200066,13.404954	ru	55.755826,37.6172999
0316	2017	ar	-34.6036844,-58.3815591	ca	45.4215296,-75.6971931
0316	2017	ar	-34.6036844,-58.3815591	us	38.9071923,-77.0368707
0316	2017	ca	45.4215296,-75.6971931	us	38.9071923,-77.0368707
0322	2017	at	48.2081743,16.3738189	de	52.5200066,13.404954
0326	2017	ca	45.4215296,-75.6971931	us	38.9071923,-77.0368707
0344	2017	ca	45.4215296,-75.6971931	us	38.9071923,-77.0368707
0347	2017	at	48.2081743,16.3738189	uk	51.5073509,-0.1277583
0354	2017	nl	52.3702157,4.8951679	us	38.9071923,-77.0368707
0358	2017	uk	51.5073509,-0.1277583	us	38.9071923,-77.0368707
0360	2017	be	50.8503463,4.3517211	nl	52.3702157,4.8951679
0373	2017	au	-35.308129,149.124402	uk	51.5073509,-0.1277583
0373	2017	au	-35.308129,149.124402	us	38.9071923,-77.0368707
0373	2017	uk	51.5073509,-0.1277583	us	38.9071923,-77.0368707
0374	2017	de	52.5200066,13.404954	us	38.9071923,-77.0368707
0394	2017	ch	46.9479739,7.4474468	nl	52.3702157,4.8951679
0394	2017	ch	46.9479739,7.4474468	us	38.9071923,-77.0368707
0394	2017	nl	52.3702157,4.8951679	us	38.9071923,-77.0368707
0396	2017	de	52.5200066,13.404954	us	38.9071923,-77.0368707
0397	2017	ca	45.4215296,-75.6971931	us	38.9071923,-77.0368707
0398	2017	fi	60.1698557,24.9383791	uk	51.5073509,-0.1277583
0404	2017	ca	45.4215296,-75.6971931	us	38.9071923,-77.0368707
